ID,Type,SKU,Name,Published,Is featured?,Visibility in catalog,Short description,Description,Date sale price starts,Date sale price ends,Tax status,Tax class,In stock?,Stock,Backorders allowed?,Sold individually?,Weight (lbs),Length (in),Width (in),Height (in),Allow customer reviews?,Purchase note,Sale price,Regular price,Categories,Tags,Shipping class,Images,Download limit,Download expiry days,Parent,Grouped products,Upsells,Cross-sells,External URL,Button text,Position,Attribute 1 name,Attribute 1 value(s),Attribute 1 visible,Attribute 1 global,Attribute 2 name,Attribute 2 value(s),Attribute 2 visible,Attribute 2 global,Meta: _wpcom_is_markdown,Download 1 name,Download 1 URL,Download 2 name,Download 2 URL
1,simple,,Bouquets,1,,visible,Our bouquets are handcrafted for your occasion,Are you planning a special occasion? Choose one of our amazing bouquets made for your special day. We use only the best locally grown flowers to make bouquets that will look great.,,,,,1,,,,,,,,,,,35,,,,,,,,,,,,,,,,,,,,,,,,,,
2,simple,,Herbs,1,,visible,Fresh smelling herbs can add a freshness to any room,"We often think of herbs for cooking, but herbs such as lavendar, rosemary, and sage can be used in bouquets to give a room an earthy feel.",,,,,1,,,,,,,,,,,20,,,,,,,,,,,,,,,,,,,,,,,,,,
3,simple,,Proteas,1,,visible,Choose proteas for something different,These champions of the Cape floral kingdom give  wonderful colours and unique foliage.,,,,,1,,,,,,,,,,,30,,,,,,,,,,,,,,,,,,,,,,,,,,
4,simple,,Purple Passion,1,,visible,Go bold with Purple Passion,Looking to make a statement? Choose Purple Passion to brighten your day.,,,,,1,,,,,,,,,,,25,,,,,,,,,,,,,,,,,,,,,,,,,,
5,simple,,Roses,1,,visible,Well loved roses,"Roses are beautiful and well-loved for a reason. We choose roses not only for looks, but also for scent. ",,,,,1,,,,,,,,,,,18,,,,,,,,,,,,,,,,,,,,,,,,,,
6,simple,,Simple Colour,1,,visible,Add a dash of colour,Our 'simple colour' flowers are based on what is in season and what we know will be able to stand alone and make an impact.,,,,,1,,,,,,,,,,,15,,,,,,,,,,,,,,,,,,,,,,,,,,
7,simple,,Summer Sensation,1,1,visible,Our premium summer bouquet,Our original Summer Sensation bouquets celebrate the best of summer in all its glories.,,,,,1,,,,,,,,,,,40,,,,,,,,,,,,,,,,,,,,,,,,,,
8,simple,,Wild and Free,1,,visible,Light and simple,Our Wild and Free bouquets add a dash of chaos and beauty. They emphasise light and air.,,,,,1,,,,,,,,,,,15,,,,,,,,,,,,,,,,,,,,,,,,,,
